{
    "name": "Python Dev Environment",
    "image": "python:3.11",
    // ...
    "overrideCommand": true,
    "runArgs": [
        "--cap-add=SYS_PTRACE",
        "--security-opt",
        "seccomp=unconfined"
    ],
    "postCreateCommand": "pip3 install --user ansible",
    "customizations": {
        "vscode": {
            "extensions": [
                "ms-azuretools.vscode-docker",
                "streetsidesoftware.code-spell-checker",
                "ms-python.autopep8",
                "dbaeumer.vscode-eslint",
                "ritwickdey.LiveServer",
                "ms-python.vscode-pylance",
                "ms-python.python",
                "ms-python.debugpy"
            ]
        }
    }
    // ...
  }
