<!-- This file was generated automatically.
     Do not edit it: it is likely to be discarded and generated again before it's read next time.
     Files used to generate this file:
       /etc/clickhouse-server/custom-function.xml      -->

<functions>
    <function>
        <type>executable</type>
        <name>histogramQuantile</name>
        <return_type>Float64</return_type>
        <argument>
            <type>Array(Float64)</type>
            <name>buckets</name>
        </argument>
        <argument>
            <type>Array(Float64)</type>
            <name>counts</name>
        </argument>
        <argument>
            <type>Float64</type>
            <name>quantile</name>
        </argument>
        <format>CSV</format>
        <command>./histogramQuantile</command>
    </function>
</functions>
